error_relativo,%dif,Finca,Bloque,Variedad,Bloque&Varid,Anio,Semana
0.1987179487179487,0.1987179487179487,ASTROFLORES,2,SOMERSET,002SOMERSET,2026,37
-0.5061224489795918,-0.5061224489795918,ASTROFLORES,4,BELLINA,004BELLINA,2026,37
0.1953763440860215,0.1953763440860215,ASTROFLORES,5,ELBA,005ELBA,2026,37
0.1125,0.1125,ASTROFLORES,5,HOT BUBBLES,005HOT BUBBLES,2026,37
-0.06390977443609022,-0.06390977443609022,ASTROFLORES,5,SUSPIRO,005SUSPIRO,2026,37
-0.4905144694533762,-0.4905144694533762,ASTROFLORES,9,HOT BUBBLES,009HOT BUBBLES,2026,37
-1.3232,-1.3232,ASTROFLORES,14,FRUITY BUBBLES,014FRUITY BUBBLES,2026,37
0.25033444816053513,0.25033444816053513,ASTROFLORES,15,FELLINI,015FELLINI,2026,37
-0.5451754385964912,-0.5451754385964912,ASTROFLORES,16,GOOD PEACH,016GOOD PEACH,2026,37
-0.3488636363636364,-0.3488636363636364,ASTROFLORES,16,GOOD YELLOW,016GOOD YELLOW,2026,37
0.5392941176470588,0.5392941176470588,ASTROFLORES,17,ORANGE STAR,017ORANGE STAR,2026,37
-0.261294964028777,-0.261294964028777,ASTROFLORES,18,COSMO,018COSMO,2026,37
0.39510703363914373,0.39510703363914373,ASTROFLORES,18,RUBICON,018RUBICON,2026,37
0.2966666666666667,0.2966666666666667,ASTROFLORES,19,BELLINA,019BELLINA,2026,37
-0.1742857142857143,-0.1742857142857143,ASTROFLORES,20,SUMMER DANCE,020SUMMER DANCE,2026,37
0.009259259259259259,0.009259259259259259,ASTROFLORES,21,ELEGANT ROSEVER,021ELEGANT ROSEVER,2026,37
0.19314285714285714,0.19314285714285714,ASTROFLORES,21,FLAME CLUB,021FLAME CLUB,2026,37
0.05333333333333334,0.05333333333333334,ASTROFLORES,21,KELLY,021KELLY,2026,37
-1.0248,-1.0248,ASTROFLORES,21,LEILA,021LEILA,2026,37
-0.40923076923076923,-0.40923076923076923,ASTROFLORES,21,SNOW BUBBLES,021SNOW BUBBLES,2026,37
-0.604,-0.604,ASTROFLORES,22,FRUITY BUBBLES,022FRUITY BUBBLES,2026,37
0.11642512077294687,0.11642512077294687,ASTROFLORES,22,GOOD PEACH,022GOOD PEACH,2026,37
-0.18272727272727274,-0.18272727272727274,ASTROFLORES,22,MIRABEL,022MIRABEL,2026,37
-0.31414473684210525,-0.31414473684210525,ASTROFLORES,30,MIRABEL,030MIRABEL,2026,37
0.16642335766423358,0.16642335766423358,ASTROFLORES,30,SOMERSET,030SOMERSET,2026,37
-0.2985507246376812,-0.2985507246376812,ASTROFLORES,31,82989,03182989,2026,37
0.001694915254237288,0.001694915254237288,ASTROFLORES,31,RUBICON,031RUBICON,2026,37
0.5166666666666667,0.5166666666666667,ASTROFLORES,31,SOMERSET,031SOMERSET,2026,37
-0.019696969696969695,-0.019696969696969695,ASTROFLORES,31,VELVET BLOSSOMS,031VELVET BLOSSOMS,2026,37
-0.09618055555555556,-0.09618055555555556,ASTROFLORES,32,ELBA,032ELBA,2026,37
0.5206293706293706,0.5206293706293706,ASTROFLORES,32,MIRABEL,032MIRABEL,2026,37
-0.11388888888888889,-0.11388888888888889,ASTROFLORES,33,CREAMY FOLIES,033CREAMY FOLIES,2026,37
-0.25625,-0.25625,ASTROFLORES,33,HOT BUBBLES,033HOT BUBBLES,2026,37
0.20625,0.20625,ASTROFLORES,1,BELIEVE IN PINK,001BELIEVE IN PINK,2026,37
0.2703225806451613,0.2703225806451613,ASTROFLORES,1,EXPLORER,001EXPLORER,2026,37
-0.14629629629629629,-0.14629629629629629,ASTROFLORES,1,GRACE KELLY,001GRACE KELLY,2026,37
0.546031746031746,0.546031746031746,ASTROFLORES,1,LIGHT HOUSE,001LIGHT HOUSE,2026,37
0.4291005291005291,0.4291005291005291,ASTROFLORES,1,LUMIA,001LUMIA,2026,37
-0.0967741935483871,-0.0967741935483871,ASTROFLORES,1,MOMENTUM,001MOMENTUM,2026,37
-1.1889655172413793,-1.1889655172413793,ASTROFLORES,2,SUMMER ROMANCE,002SUMMER ROMANCE,2026,37
-0.050793650793650794,-0.050793650793650794,ASTROFLORES,2,SWEETNESS,002SWEETNESS,2026,37
0.29926739926739926,0.29926739926739926,ASTROFLORES,3,CABARET,003CABARET,2026,37
0.4252559726962457,0.4252559726962457,ASTROFLORES,3,DEEP PURPLE,003DEEP PURPLE,2026,37
0.059726027397260274,0.059726027397260274,ASTROFLORES,3,EXPLORER,003EXPLORER,2026,37
-0.088,-0.088,ASTROFLORES,3,JOCKER,003JOCKER,2026,37
0.1040650406504065,0.1040650406504065,ASTROFLORES,3,QUICKSAND,003QUICKSAND,2026,37
-0.6571428571428571,-0.6571428571428571,ASTROFLORES,4,COTOPAXI,004COTOPAXI,2026,37
0.5567590260285474,0.5567590260285474,ASTROFLORES,4,DEEP PURPLE,004DEEP PURPLE,2026,37
0.2732075471698113,0.2732075471698113,ASTROFLORES,4,HOT EXPLORER,004HOT EXPLORER,2026,37
0.4378205128205128,0.4378205128205128,ASTROFLORES,4,HOT MERENGUE,004HOT MERENGUE,2026,37
0.10444444444444445,0.10444444444444445,ASTROFLORES,4,SWEETNESS,004SWEETNESS,2026,37
0.381875,0.381875,ASTROFLORES,5,EXPLORER,005EXPLORER,2026,37
0.6617647058823529,0.6617647058823529,ASTROFLORES,5,GOLDFINCH,005GOLDFINCH,2026,37
0.2019277108433735,0.2019277108433735,ASTROFLORES,5,JOCKER,005JOCKER,2026,37
-0.13577235772357724,-0.13577235772357724,ASTROFLORES,5,VENDELA,005VENDELA,2026,37
0.1339712918660287,0.1339712918660287,ASTROFLORES,6,EXPLORER,006EXPLORER,2026,37
0.2856704980842912,0.2856704980842912,ASTROFLORES,6,MONDIAL,006MONDIAL,2026,37
-0.09870967741935484,-0.09870967741935484,ASTROFLORES,7,COTOPAXI,007COTOPAXI,2026,37
0.22066666666666668,0.22066666666666668,ASTROFLORES,7,REDIANT,007REDIANT,2026,37
0.3456,0.3456,ASTROFLORES,7,SUMMER ROMANCE,007SUMMER ROMANCE,2026,37
0.24065234685759745,0.24065234685759745,ASTROFLORES,7,VENDELA,007VENDELA,2026,37
0.6782608695652174,0.6782608695652174,ASTROFLORES,8,DEEP PURPLE,008DEEP PURPLE,2026,37
0.5141414141414141,0.5141414141414141,ASTROFLORES,8,FREEDOM,008FREEDOM,2026,37
0.22713286713286712,0.22713286713286712,ASTROFLORES,8,JOCKER,008JOCKER,2026,37
0.23542857142857143,0.23542857142857143,ASTROFLORES,10,COOLDOWN,010COOLDOWN,2026,37
-0.2546365914786967,-0.2546365914786967,ASTROFLORES,10,VIOLET HILL,010VIOLET HILL,2026,37
0.31155963302752293,0.31155963302752293,ASTROFLORES,11,BRIGHTON,011BRIGHTON,2026,37
-0.10054054054054054,-0.10054054054054054,ASTROFLORES,11,CANDLELIGHT,011CANDLELIGHT,2026,37
0.46814814814814815,0.46814814814814815,ASTROFLORES,11,CAYENNE,011CAYENNE,2026,37
0.3613095238095238,0.3613095238095238,ASTROFLORES,11,LUMIA,011LUMIA,2026,37
0.14352941176470588,0.14352941176470588,ASTROFLORES,11,STARDUST,011STARDUST,2026,37
0.367384370015949,0.367384370015949,ASTROFLORES,12,DEEP PURPLE,012DEEP PURPLE,2026,37
0.3878048780487805,0.3878048780487805,ASTROFLORES,12,LIGHT HOUSE,012LIGHT HOUSE,2026,37
-0.03829787234042553,-0.03829787234042553,ASTROFLORES,13,COUNTRY BLUES,013COUNTRY BLUES,2026,37
0.13577981651376148,0.13577981651376148,ASTROFLORES,13,LORRAINE,013LORRAINE,2026,37
0.40370370370370373,0.40370370370370373,ASTROFLORES,13,LUMIA,013LUMIA,2026,37
0.4766666666666667,0.4766666666666667,ASTROFLORES,13,VENDELA,013VENDELA,2026,37
0.25427230046948357,0.25427230046948357,ASTROFLORES,14,STARDUST,014STARDUST,2026,37
0.012991452991452991,0.012991452991452991,ASTROFLORES,15,JOCKER,015JOCKER,2026,37
0.5615384615384615,0.5615384615384615,ASTROFLORES,16,DREAM IN PEACH,016DREAM IN PEACH,2026,37
0.5470085470085471,0.5470085470085471,ASTROFLORES,16,NINA,016NINA,2026,37
0.3983333333333333,0.3983333333333333,ASTROFLORES,17,FREEDOM,017FREEDOM,2026,37
0.05162790697674419,0.05162790697674419,ASTROFLORES,17,GOLDFINCH,017GOLDFINCH,2026,37
0.0945,0.0945,ASTROFLORES,18,BRIGHTON,018BRIGHTON,2026,37
0.15107569721115538,0.15107569721115538,ASTROFLORES,19,BRIGHTON,019BRIGHTON,2026,37
0.364,0.364,ASTROFLORES,19,TABATHA,019TABATHA,2026,37
-0.08587570621468926,-0.08587570621468926,ASTROFLORES,20,BRIGHTON,020BRIGHTON,2026,37
-0.2577777777777778,-0.2577777777777778,ASTROFLORES,20,TYCOON,020TYCOON,2026,37
-0.029565217391304348,-0.029565217391304348,ASTROFLORES,21,SHOW GIRL,021SHOW GIRL,2026,37
0.3717948717948718,0.3717948717948718,ASTROFLORES,22,CORAL REEF,022CORAL REEF,2026,37
-0.47591522157996147,-0.47591522157996147,ASTROFLORES,23,COTOPAXI,023COTOPAXI,2026,37
0.5895565092989986,0.5895565092989986,ASTROFLORES,23,FRUTTETO,023FRUTTETO,2026,37
-0.35113636363636364,-0.35113636363636364,ASTROFLORES,24,COTOPAXI,024COTOPAXI,2026,37
-0.29578059071729956,-0.29578059071729956,ASTROFLORES,24,SWEETNESS,024SWEETNESS,2026,37
0.13104166666666667,0.13104166666666667,ASTROFLORES,24,TYCOON,024TYCOON,2026,37
-0.06945054945054945,-0.06945054945054945,ASTROFLORES,25,PINK MONDIAL,025PINK MONDIAL,2026,37
0.3729896907216495,0.3729896907216495,ASTROFLORES,26,LOLA,026LOLA,2026,37
0.1587027027027027,0.1587027027027027,ASTROFLORES,26,PALOMA,026PALOMA,2026,37
0.491025641025641,0.491025641025641,ASTROFLORES,27,SATISFACTION,027SATISFACTION,2026,37
0.49206349206349204,0.49206349206349204,ASTROFLORES,27,TIFFANY,027TIFFANY,2026,37
-0.8238888888888889,-0.8238888888888889,ASTROFLORES,28,COTOPAXI,028COTOPAXI,2026,37
0.30801282051282053,0.30801282051282053,ASTROFLORES,28,DEEP PURPLE,028DEEP PURPLE,2026,37
0.30101694915254235,0.30101694915254235,ASTROFLORES,29,PINK FLOYD,029PINK FLOYD,2026,37
0.27,0.27,ASTROFLORES,30,EXPLORER,030EXPLORER,2026,37
0.187609649122807,0.187609649122807,ASTROFLORES,2,SOMERSET,002SOMERSET,2026,38
-0.15868544600938966,-0.15868544600938966,ASTROFLORES,4,BELLINA,004BELLINA,2026,38
0.36358381502890175,0.36358381502890175,ASTROFLORES,5,ELBA,005ELBA,2026,38
0.296,0.296,ASTROFLORES,5,HOT BUBBLES,005HOT BUBBLES,2026,38
0.158,0.158,ASTROFLORES,5,SUSPIRO,005SUSPIRO,2026,38
0.10428015564202335,0.10428015564202335,ASTROFLORES,9,HOT BUBBLES,009HOT BUBBLES,2026,38
-0.9117241379310345,-0.9117241379310345,ASTROFLORES,14,FRUITY BUBBLES,014FRUITY BUBBLES,2026,38
0.33905817174515235,0.33905817174515235,ASTROFLORES,15,FELLINI,015FELLINI,2026,38
-0.11714285714285715,-0.11714285714285715,ASTROFLORES,16,GOOD PEACH,016GOOD PEACH,2026,38
0.009206349206349206,0.009206349206349206,ASTROFLORES,16,GOOD YELLOW,016GOOD YELLOW,2026,38
0.4856410256410256,0.4856410256410256,ASTROFLORES,17,ORANGE STAR,017ORANGE STAR,2026,38
-0.2558064516129032,-0.2558064516129032,ASTROFLORES,18,COSMO,018COSMO,2026,38
0.413302034428795,0.413302034428795,ASTROFLORES,18,RUBICON,018RUBICON,2026,38
0.5422222222222223,0.5422222222222223,ASTROFLORES,19,BELLINA,019BELLINA,2026,38
0.2160747663551402,0.2160747663551402,ASTROFLORES,20,SUMMER DANCE,020SUMMER DANCE,2026,38
0.35595238095238096,0.35595238095238096,ASTROFLORES,21,ELEGANT ROSEVER,021ELEGANT ROSEVER,2026,38
0.36,0.36,ASTROFLORES,21,FLAME CLUB,021FLAME CLUB,2026,38
0.2,0.2,ASTROFLORES,21,KELLY,021KELLY,2026,38
-0.49933333333333335,-0.49933333333333335,ASTROFLORES,21,LEILA,021LEILA,2026,38
-0.5507462686567164,-0.5507462686567164,ASTROFLORES,21,SNOW BUBBLES,021SNOW BUBBLES,2026,38
0.048,0.048,ASTROFLORES,22,FRUITY BUBBLES,022FRUITY BUBBLES,2026,38
-0.03857142857142857,-0.03857142857142857,ASTROFLORES,22,GOOD PEACH,022GOOD PEACH,2026,38
0.11058823529411765,0.11058823529411765,ASTROFLORES,22,MIRABEL,022MIRABEL,2026,38
-0.14938650306748466,-0.14938650306748466,ASTROFLORES,30,MIRABEL,030MIRABEL,2026,38
0.5919254658385094,0.5919254658385094,ASTROFLORES,30,SOMERSET,030SOMERSET,2026,38
0.1315,0.1315,ASTROFLORES,31,82989,03182989,2026,38
0.23708333333333334,0.23708333333333334,ASTROFLORES,31,RUBICON,031RUBICON,2026,38
0.2764462809917355,0.2764462809917355,ASTROFLORES,31,SOMERSET,031SOMERSET,2026,38
-0.03225806451612903,-0.03225806451612903,ASTROFLORES,31,VELVET BLOSSOMS,031VELVET BLOSSOMS,2026,38
0.24301075268817204,0.24301075268817204,ASTROFLORES,32,ELBA,032ELBA,2026,38
0.22363636363636363,0.22363636363636363,ASTROFLORES,32,MIRABEL,032MIRABEL,2026,38
-0.48777777777777775,-0.48777777777777775,ASTROFLORES,33,CREAMY FOLIES,033CREAMY FOLIES,2026,38
-0.310625,-0.310625,ASTROFLORES,33,HOT BUBBLES,033HOT BUBBLES,2026,38
0.2127659574468085,0.2127659574468085,ASTROFLORES,1,BELIEVE IN PINK,001BELIEVE IN PINK,2026,38
0.27873684210526317,0.27873684210526317,ASTROFLORES,1,EXPLORER,001EXPLORER,2026,38
0.33288288288288287,0.33288288288288287,ASTROFLORES,1,GRACE KELLY,001GRACE KELLY,2026,38
0.5180327868852459,0.5180327868852459,ASTROFLORES,1,LIGHT HOUSE,001LIGHT HOUSE,2026,38
0.3693877551020408,0.3693877551020408,ASTROFLORES,1,LUMIA,001LUMIA,2026,38
-0.15408695652173912,-0.15408695652173912,ASTROFLORES,1,MOMENTUM,001MOMENTUM,2026,38
-0.4492307692307692,-0.4492307692307692,ASTROFLORES,2,SUMMER ROMANCE,002SUMMER ROMANCE,2026,38
0.03785871964679912,0.03785871964679912,ASTROFLORES,2,SWEETNESS,002SWEETNESS,2026,38
0.26015873015873014,0.26015873015873014,ASTROFLORES,3,CABARET,003CABARET,2026,38
0.27663896583564174,0.27663896583564174,ASTROFLORES,3,DEEP PURPLE,003DEEP PURPLE,2026,38
0.20808988764044944,0.20808988764044944,ASTROFLORES,3,EXPLORER,003EXPLORER,2026,38
0.385,0.385,ASTROFLORES,3,JOCKER,003JOCKER,2026,38
0.2639455782312925,0.2639455782312925,ASTROFLORES,3,QUICKSAND,003QUICKSAND,2026,38
-0.028888888888888888,-0.028888888888888888,ASTROFLORES,4,COTOPAXI,004COTOPAXI,2026,38
0.4538085255066387,0.4538085255066387,ASTROFLORES,4,DEEP PURPLE,004DEEP PURPLE,2026,38
0.5663468634686347,0.5663468634686347,ASTROFLORES,4,HOT EXPLORER,004HOT EXPLORER,2026,38
0.3192982456140351,0.3192982456140351,ASTROFLORES,4,HOT MERENGUE,004HOT MERENGUE,2026,38
0.3508771929824561,0.3508771929824561,ASTROFLORES,4,SWEETNESS,004SWEETNESS,2026,38
0.3386206896551724,0.3386206896551724,ASTROFLORES,5,EXPLORER,005EXPLORER,2026,38
0.40636363636363637,0.40636363636363637,ASTROFLORES,5,GOLDFINCH,005GOLDFINCH,2026,38
0.4288372093023256,0.4288372093023256,ASTROFLORES,5,JOCKER,005JOCKER,2026,38
-0.025694444444444443,-0.025694444444444443,ASTROFLORES,5,VENDELA,005VENDELA,2026,38
0.10710280373831775,0.10710280373831775,ASTROFLORES,6,EXPLORER,006EXPLORER,2026,38
0.11553488372093024,0.11553488372093024,ASTROFLORES,6,MONDIAL,006MONDIAL,2026,38
0.02663230240549828,0.02663230240549828,ASTROFLORES,7,COTOPAXI,007COTOPAXI,2026,38
0.2338888888888889,0.2338888888888889,ASTROFLORES,7,REDIANT,007REDIANT,2026,38
0.4968421052631579,0.4968421052631579,ASTROFLORES,7,SUMMER ROMANCE,007SUMMER ROMANCE,2026,38
0.12548476454293628,0.12548476454293628,ASTROFLORES,7,VENDELA,007VENDELA,2026,38
0.5244318181818182,0.5244318181818182,ASTROFLORES,8,DEEP PURPLE,008DEEP PURPLE,2026,38
0.46976190476190477,0.46976190476190477,ASTROFLORES,8,FREEDOM,008FREEDOM,2026,38
0.23591836734693877,0.23591836734693877,ASTROFLORES,8,JOCKER,008JOCKER,2026,38
0.12509554140127388,0.12509554140127388,ASTROFLORES,10,COOLDOWN,010COOLDOWN,2026,38
0.003663003663003663,0.003663003663003663,ASTROFLORES,10,VIOLET HILL,010VIOLET HILL,2026,38
0.4129192546583851,0.4129192546583851,ASTROFLORES,11,BRIGHTON,011BRIGHTON,2026,38
0.21365461847389558,0.21365461847389558,ASTROFLORES,11,CANDLELIGHT,011CANDLELIGHT,2026,38
0.5069182389937107,0.5069182389937107,ASTROFLORES,11,CAYENNE,011CAYENNE,2026,38
0.5107843137254902,0.5107843137254902,ASTROFLORES,11,LUMIA,011LUMIA,2026,38
0.1337142857142857,0.1337142857142857,ASTROFLORES,11,STARDUST,011STARDUST,2026,38
0.4924632352941177,0.4924632352941177,ASTROFLORES,12,DEEP PURPLE,012DEEP PURPLE,2026,38
0.3659090909090909,0.3659090909090909,ASTROFLORES,12,LIGHT HOUSE,012LIGHT HOUSE,2026,38
-0.014893617021276596,-0.014893617021276596,ASTROFLORES,13,COUNTRY BLUES,013COUNTRY BLUES,2026,38
0.07168316831683168,0.07168316831683168,ASTROFLORES,13,LORRAINE,013LORRAINE,2026,38
0.01818181818181818,0.01818181818181818,ASTROFLORES,13,LUMIA,013LUMIA,2026,38
0.36315261044176705,0.36315261044176705,ASTROFLORES,13,VENDELA,013VENDELA,2026,38
0.3080519480519481,0.3080519480519481,ASTROFLORES,14,STARDUST,014STARDUST,2026,38
0.4163636363636364,0.4163636363636364,ASTROFLORES,15,JOCKER,015JOCKER,2026,38
0.5310344827586206,0.5310344827586206,ASTROFLORES,16,DREAM IN PEACH,016DREAM IN PEACH,2026,38
0.5967567567567568,0.5967567567567568,ASTROFLORES,16,NINA,016NINA,2026,38
0.45479674796747965,0.45479674796747965,ASTROFLORES,17,FREEDOM,017FREEDOM,2026,38
0.12355555555555556,0.12355555555555556,ASTROFLORES,17,GOLDFINCH,017GOLDFINCH,2026,38
0.02918918918918919,0.02918918918918919,ASTROFLORES,18,BRIGHTON,018BRIGHTON,2026,38
0.24636942675159235,0.24636942675159235,ASTROFLORES,19,BRIGHTON,019BRIGHTON,2026,38
0.25757575757575757,0.25757575757575757,ASTROFLORES,19,TABATHA,019TABATHA,2026,38
0.01662921348314607,0.01662921348314607,ASTROFLORES,20,BRIGHTON,020BRIGHTON,2026,38
0.12954545454545455,0.12954545454545455,ASTROFLORES,20,TYCOON,020TYCOON,2026,38
-0.045365853658536584,-0.045365853658536584,ASTROFLORES,21,SHOW GIRL,021SHOW GIRL,2026,38
0.25367088607594934,0.25367088607594934,ASTROFLORES,22,CORAL REEF,022CORAL REEF,2026,38
-0.4026315789473684,-0.4026315789473684,ASTROFLORES,23,COTOPAXI,023COTOPAXI,2026,38
0.6048209366391185,0.6048209366391185,ASTROFLORES,23,FRUTTETO,023FRUTTETO,2026,38
-0.5223484848484848,-0.5223484848484848,ASTROFLORES,24,COTOPAXI,024COTOPAXI,2026,38
-0.13333333333333333,-0.13333333333333333,ASTROFLORES,24,SWEETNESS,024SWEETNESS,2026,38
0.11136363636363636,0.11136363636363636,ASTROFLORES,24,TYCOON,024TYCOON,2026,38
-0.035339805825242716,-0.035339805825242716,ASTROFLORES,25,PINK MONDIAL,025PINK MONDIAL,2026,38
0.42007326007326007,0.42007326007326007,ASTROFLORES,26,LOLA,026LOLA,2026,38
0.19472,0.19472,ASTROFLORES,26,PALOMA,026PALOMA,2026,38
0.47568027210884356,0.47568027210884356,ASTROFLORES,27,SATISFACTION,027SATISFACTION,2026,38
0.31961904761904764,0.31961904761904764,ASTROFLORES,27,TIFFANY,027TIFFANY,2026,38
-0.3325349301397206,-0.3325349301397206,ASTROFLORES,28,COTOPAXI,028COTOPAXI,2026,38
0.31513828238719066,0.31513828238719066,ASTROFLORES,28,DEEP PURPLE,028DEEP PURPLE,2026,38
0.28034188034188035,0.28034188034188035,ASTROFLORES,29,PINK FLOYD,029PINK FLOYD,2026,38
0.44587155963302755,0.44587155963302755,ASTROFLORES,30,EXPLORER,030EXPLORER,2026,38
-0.1580056179775281,-0.1580056179775281,ASTROFLORES,2,SOMERSET,002SOMERSET,2026,39
0.09215686274509804,0.09215686274509804,ASTROFLORES,4,BELLINA,004BELLINA,2026,39
0.27542735042735045,0.27542735042735045,ASTROFLORES,5,ELBA,005ELBA,2026,39
0.35592105263157897,0.35592105263157897,ASTROFLORES,5,HOT BUBBLES,005HOT BUBBLES,2026,39
0.3401826484018265,0.3401826484018265,ASTROFLORES,5,SUSPIRO,005SUSPIRO,2026,39
0.4328454332552693,0.4328454332552693,ASTROFLORES,9,HOT BUBBLES,009HOT BUBBLES,2026,39
-0.6975757575757576,-0.6975757575757576,ASTROFLORES,14,FRUITY BUBBLES,014FRUITY BUBBLES,2026,39
0.4576642335766423,0.4576642335766423,ASTROFLORES,15,FELLINI,015FELLINI,2026,39
0.10491803278688525,0.10491803278688525,ASTROFLORES,16,GOOD PEACH,016GOOD PEACH,2026,39
0.18138888888888888,0.18138888888888888,ASTROFLORES,16,GOOD YELLOW,016GOOD YELLOW,2026,39
0.4489887640449438,0.4489887640449438,ASTROFLORES,17,ORANGE STAR,017ORANGE STAR,2026,39
-0.468099173553719,-0.468099173553719,ASTROFLORES,18,COSMO,018COSMO,2026,39
0.22196531791907514,0.22196531791907514,ASTROFLORES,18,RUBICON,018RUBICON,2026,39
0.5887179487179487,0.5887179487179487,ASTROFLORES,19,BELLINA,019BELLINA,2026,39
0.3104918032786885,0.3104918032786885,ASTROFLORES,20,SUMMER DANCE,020SUMMER DANCE,2026,39
0.4703703703703704,0.4703703703703704,ASTROFLORES,21,ELEGANT ROSEVER,021ELEGANT ROSEVER,2026,39
0.42619469026548673,0.42619469026548673,ASTROFLORES,21,FLAME CLUB,021FLAME CLUB,2026,39
0.35333333333333333,0.35333333333333333,ASTROFLORES,21,KELLY,021KELLY,2026,39
-0.7972413793103448,-0.7972413793103448,ASTROFLORES,21,LEILA,021LEILA,2026,39
-0.685820895522388,-0.685820895522388,ASTROFLORES,21,SNOW BUBBLES,021SNOW BUBBLES,2026,39
-0.18783783783783783,-0.18783783783783783,ASTROFLORES,22,FRUITY BUBBLES,022FRUITY BUBBLES,2026,39
0.07108433734939759,0.07108433734939759,ASTROFLORES,22,GOOD PEACH,022GOOD PEACH,2026,39
0.06212121212121212,0.06212121212121212,ASTROFLORES,22,MIRABEL,022MIRABEL,2026,39
0.08819742489270387,0.08819742489270387,ASTROFLORES,30,MIRABEL,030MIRABEL,2026,39
0.6138513513513514,0.6138513513513514,ASTROFLORES,30,SOMERSET,030SOMERSET,2026,39
0.30526315789473685,0.30526315789473685,ASTROFLORES,31,82989,03182989,2026,39
0.43925925925925924,0.43925925925925924,ASTROFLORES,31,RUBICON,031RUBICON,2026,39
-0.10126582278481013,-0.10126582278481013,ASTROFLORES,31,SOMERSET,031SOMERSET,2026,39
0.47372881355932206,0.47372881355932206,ASTROFLORES,31,VELVET BLOSSOMS,031VELVET BLOSSOMS,2026,39
0.2007751937984496,0.2007751937984496,ASTROFLORES,32,ELBA,032ELBA,2026,39
0.3190647482014389,0.3190647482014389,ASTROFLORES,32,MIRABEL,032MIRABEL,2026,39
-0.3107843137254902,-0.3107843137254902,ASTROFLORES,33,CREAMY FOLIES,033CREAMY FOLIES,2026,39
-0.044864864864864865,-0.044864864864864865,ASTROFLORES,33,HOT BUBBLES,033HOT BUBBLES,2026,39
0.35306122448979593,0.35306122448979593,ASTROFLORES,1,BELIEVE IN PINK,001BELIEVE IN PINK,2026,39
0.3947540983606557,0.3947540983606557,ASTROFLORES,1,EXPLORER,001EXPLORER,2026,39
0.48083333333333333,0.48083333333333333,ASTROFLORES,1,GRACE KELLY,001GRACE KELLY,2026,39
0.5242857142857142,0.5242857142857142,ASTROFLORES,1,LIGHT HOUSE,001LIGHT HOUSE,2026,39
0.4702020202020202,0.4702020202020202,ASTROFLORES,1,LUMIA,001LUMIA,2026,39
0.060431654676258995,0.060431654676258995,ASTROFLORES,1,MOMENTUM,001MOMENTUM,2026,39
-0.4276056338028169,-0.4276056338028169,ASTROFLORES,2,SUMMER ROMANCE,002SUMMER ROMANCE,2026,39
-0.18223140495867768,-0.18223140495867768,ASTROFLORES,2,SWEETNESS,002SWEETNESS,2026,39
0.1198019801980198,0.1198019801980198,ASTROFLORES,3,CABARET,003CABARET,2026,39
0.2782201405152225,0.2782201405152225,ASTROFLORES,3,DEEP PURPLE,003DEEP PURPLE,2026,39
-0.03212121212121212,-0.03212121212121212,ASTROFLORES,3,EXPLORER,003EXPLORER,2026,39
0.404,0.404,ASTROFLORES,3,JOCKER,003JOCKER,2026,39
0.1492063492063492,0.1492063492063492,ASTROFLORES,3,QUICKSAND,003QUICKSAND,2026,39
0.22807017543859648,0.22807017543859648,ASTROFLORES,4,COTOPAXI,004COTOPAXI,2026,39
0.44905555555555554,0.44905555555555554,ASTROFLORES,4,DEEP PURPLE,004DEEP PURPLE,2026,39
0.547680608365019,0.547680608365019,ASTROFLORES,4,HOT EXPLORER,004HOT EXPLORER,2026,39
0.48389830508474574,0.48389830508474574,ASTROFLORES,4,HOT MERENGUE,004HOT MERENGUE,2026,39
0.554320987654321,0.554320987654321,ASTROFLORES,4,SWEETNESS,004SWEETNESS,2026,39
0.276,0.276,ASTROFLORES,5,EXPLORER,005EXPLORER,2026,39
0.22232558139534883,0.22232558139534883,ASTROFLORES,5,GOLDFINCH,005GOLDFINCH,2026,39
0.30704761904761907,0.30704761904761907,ASTROFLORES,5,JOCKER,005JOCKER,2026,39
-0.019696969696969695,-0.019696969696969695,ASTROFLORES,5,VENDELA,005VENDELA,2026,39
0.2056198347107438,0.2056198347107438,ASTROFLORES,6,EXPLORER,006EXPLORER,2026,39
0.33352313167259784,0.33352313167259784,ASTROFLORES,6,MONDIAL,006MONDIAL,2026,39
0.16666666666666666,0.16666666666666666,ASTROFLORES,7,COTOPAXI,007COTOPAXI,2026,39
0.13733333333333334,0.13733333333333334,ASTROFLORES,7,REDIANT,007REDIANT,2026,39
0.53,0.53,ASTROFLORES,7,SUMMER ROMANCE,007SUMMER ROMANCE,2026,39
-0.06633221850613155,-0.06633221850613155,ASTROFLORES,7,VENDELA,007VENDELA,2026,39
0.5192513368983958,0.5192513368983958,ASTROFLORES,8,DEEP PURPLE,008DEEP PURPLE,2026,39
0.3488095238095238,0.3488095238095238,ASTROFLORES,8,FREEDOM,008FREEDOM,2026,39
0.24670967741935484,0.24670967741935484,ASTROFLORES,8,JOCKER,008JOCKER,2026,39
0.10502793296089385,0.10502793296089385,ASTROFLORES,10,COOLDOWN,010COOLDOWN,2026,39
0.36294765840220383,0.36294765840220383,ASTROFLORES,10,VIOLET HILL,010VIOLET HILL,2026,39
0.343125,0.343125,ASTROFLORES,11,BRIGHTON,011BRIGHTON,2026,39
0.18642533936651584,0.18642533936651584,ASTROFLORES,11,CANDLELIGHT,011CANDLELIGHT,2026,39
0.4666666666666667,0.4666666666666667,ASTROFLORES,11,CAYENNE,011CAYENNE,2026,39
0.31575757575757574,0.31575757575757574,ASTROFLORES,11,LUMIA,011LUMIA,2026,39
-0.3236781609195402,-0.3236781609195402,ASTROFLORES,11,STARDUST,011STARDUST,2026,39
0.5329365079365079,0.5329365079365079,ASTROFLORES,12,DEEP PURPLE,012DEEP PURPLE,2026,39
0.5485714285714286,0.5485714285714286,ASTROFLORES,12,LIGHT HOUSE,012LIGHT HOUSE,2026,39
0.1570175438596491,0.1570175438596491,ASTROFLORES,13,COUNTRY BLUES,013COUNTRY BLUES,2026,39
-0.2209009009009009,-0.2209009009009009,ASTROFLORES,13,LORRAINE,013LORRAINE,2026,39
0.23555555555555555,0.23555555555555555,ASTROFLORES,13,LUMIA,013LUMIA,2026,39
0.0690775681341719,0.0690775681341719,ASTROFLORES,13,VENDELA,013VENDELA,2026,39
0.2647887323943662,0.2647887323943662,ASTROFLORES,14,STARDUST,014STARDUST,2026,39
0.41766990291262135,0.41766990291262135,ASTROFLORES,15,JOCKER,015JOCKER,2026,39
0.42530864197530865,0.42530864197530865,ASTROFLORES,16,DREAM IN PEACH,016DREAM IN PEACH,2026,39
0.5665517241379311,0.5665517241379311,ASTROFLORES,16,NINA,016NINA,2026,39
0.32978723404255317,0.32978723404255317,ASTROFLORES,17,FREEDOM,017FREEDOM,2026,39
0.48585987261146496,0.48585987261146496,ASTROFLORES,17,GOLDFINCH,017GOLDFINCH,2026,39
0.2808080808080808,0.2808080808080808,ASTROFLORES,18,BRIGHTON,018BRIGHTON,2026,39
0.39943181818181817,0.39943181818181817,ASTROFLORES,19,BRIGHTON,019BRIGHTON,2026,39
0.2178294573643411,0.2178294573643411,ASTROFLORES,19,TABATHA,019TABATHA,2026,39
0.2966371681415929,0.2966371681415929,ASTROFLORES,20,BRIGHTON,020BRIGHTON,2026,39
0.20915032679738563,0.20915032679738563,ASTROFLORES,20,TYCOON,020TYCOON,2026,39
-0.055384615384615386,-0.055384615384615386,ASTROFLORES,21,SHOW GIRL,021SHOW GIRL,2026,39
0.1282608695652174,0.1282608695652174,ASTROFLORES,22,CORAL REEF,022CORAL REEF,2026,39
-0.20333333333333334,-0.20333333333333334,ASTROFLORES,23,COTOPAXI,023COTOPAXI,2026,39
0.4865217391304348,0.4865217391304348,ASTROFLORES,23,FRUTTETO,023FRUTTETO,2026,39
-0.315018315018315,-0.315018315018315,ASTROFLORES,24,COTOPAXI,024COTOPAXI,2026,39
-0.04786324786324787,-0.04786324786324787,ASTROFLORES,24,SWEETNESS,024SWEETNESS,2026,39
0.06565040650406503,0.06565040650406503,ASTROFLORES,24,TYCOON,024TYCOON,2026,39
-0.0069743589743589745,-0.0069743589743589745,ASTROFLORES,25,PINK MONDIAL,025PINK MONDIAL,2026,39
0.22576271186440677,0.22576271186440677,ASTROFLORES,26,LOLA,026LOLA,2026,39
0.13182266009852217,0.13182266009852217,ASTROFLORES,26,PALOMA,026PALOMA,2026,39
0.2194756554307116,0.2194756554307116,ASTROFLORES,27,SATISFACTION,027SATISFACTION,2026,39
0.15325443786982249,0.15325443786982249,ASTROFLORES,27,TIFFANY,027TIFFANY,2026,39
-0.014513556618819777,-0.014513556618819777,ASTROFLORES,28,COTOPAXI,028COTOPAXI,2026,39
0.43691756272401433,0.43691756272401433,ASTROFLORES,28,DEEP PURPLE,028DEEP PURPLE,2026,39
0.19636363636363635,0.19636363636363635,ASTROFLORES,29,PINK FLOYD,029PINK FLOYD,2026,39
0.525891472868217,0.525891472868217,ASTROFLORES,30,EXPLORER,030EXPLORER,2026,39
-0.4706896551724138,-0.4706896551724138,ASTROFLORES,2,SOMERSET,002SOMERSET,2026,40
-0.34130434782608693,-0.34130434782608693,ASTROFLORES,4,BELLINA,004BELLINA,2026,40
-0.0007692307692307692,-0.0007692307692307692,ASTROFLORES,5,ELBA,005ELBA,2026,40
0.2072463768115942,0.2072463768115942,ASTROFLORES,5,HOT BUBBLES,005HOT BUBBLES,2026,40
-0.4519774011299435,-0.4519774011299435,ASTROFLORES,5,SUSPIRO,005SUSPIRO,2026,40
0.035625,0.035625,ASTROFLORES,9,HOT BUBBLES,009HOT BUBBLES,2026,40
0.056511627906976745,0.056511627906976745,ASTROFLORES,14,FRUITY BUBBLES,014FRUITY BUBBLES,2026,40
-0.061742424242424244,-0.061742424242424244,ASTROFLORES,15,FELLINI,015FELLINI,2026,40
0.10410958904109589,0.10410958904109589,ASTROFLORES,16,GOOD PEACH,016GOOD PEACH,2026,40
-0.08736842105263158,-0.08736842105263158,ASTROFLORES,16,GOOD YELLOW,016GOOD YELLOW,2026,40
0.11652173913043479,0.11652173913043479,ASTROFLORES,17,ORANGE STAR,017ORANGE STAR,2026,40
-0.4503937007874016,-0.4503937007874016,ASTROFLORES,18,COSMO,018COSMO,2026,40
-0.027466666666666667,-0.027466666666666667,ASTROFLORES,18,RUBICON,018RUBICON,2026,40
0.30333333333333334,0.30333333333333334,ASTROFLORES,19,BELLINA,019BELLINA,2026,40
0.18031746031746032,0.18031746031746032,ASTROFLORES,20,SUMMER DANCE,020SUMMER DANCE,2026,40
0.20555555555555555,0.20555555555555555,ASTROFLORES,21,ELEGANT ROSEVER,021ELEGANT ROSEVER,2026,40
-0.156875,-0.156875,ASTROFLORES,21,FLAME CLUB,021FLAME CLUB,2026,40
0.18064516129032257,0.18064516129032257,ASTROFLORES,21,KELLY,021KELLY,2026,40
0.12251968503937008,0.12251968503937008,ASTROFLORES,21,LEILA,021LEILA,2026,40
0.13944099378881988,0.13944099378881988,ASTROFLORES,21,SNOW BUBBLES,021SNOW BUBBLES,2026,40
0.2866225165562914,0.2866225165562914,ASTROFLORES,22,FRUITY BUBBLES,022FRUITY BUBBLES,2026,40
0.0532051282051282,0.0532051282051282,ASTROFLORES,22,GOOD PEACH,022GOOD PEACH,2026,40
0.18409090909090908,0.18409090909090908,ASTROFLORES,22,MIRABEL,022MIRABEL,2026,40
-0.48119047619047617,-0.48119047619047617,ASTROFLORES,30,MIRABEL,030MIRABEL,2026,40
0.3276699029126214,0.3276699029126214,ASTROFLORES,30,SOMERSET,030SOMERSET,2026,40
-0.22372881355932203,-0.22372881355932203,ASTROFLORES,31,82989,03182989,2026,40
0.000925925925925926,0.000925925925925926,ASTROFLORES,31,RUBICON,031RUBICON,2026,40
-0.10865384615384616,-0.10865384615384616,ASTROFLORES,31,SOMERSET,031SOMERSET,2026,40
-1.025,-1.025,ASTROFLORES,31,VELVET BLOSSOMS,031VELVET BLOSSOMS,2026,40
-0.49926739926739927,-0.49926739926739927,ASTROFLORES,32,ELBA,032ELBA,2026,40
0.0925,0.0925,ASTROFLORES,32,MIRABEL,032MIRABEL,2026,40
-0.48333333333333334,-0.48333333333333334,ASTROFLORES,33,CREAMY FOLIES,033CREAMY FOLIES,2026,40
-0.20212765957446807,-0.20212765957446807,ASTROFLORES,33,HOT BUBBLES,033HOT BUBBLES,2026,40
0.104,0.104,ASTROFLORES,1,BELIEVE IN PINK,001BELIEVE IN PINK,2026,40
0.17591836734693878,0.17591836734693878,ASTROFLORES,1,EXPLORER,001EXPLORER,2026,40
0.14502923976608187,0.14502923976608187,ASTROFLORES,1,GRACE KELLY,001GRACE KELLY,2026,40
-0.07755102040816327,-0.07755102040816327,ASTROFLORES,1,IDOLE,001IDOLE,2026,40
0.10364583333333334,0.10364583333333334,ASTROFLORES,1,LIGHT HOUSE,001LIGHT HOUSE,2026,40
0.019444444444444445,0.019444444444444445,ASTROFLORES,1,LUMIA,001LUMIA,2026,40
-0.05562913907284768,-0.05562913907284768,ASTROFLORES,1,MOMENTUM,001MOMENTUM,2026,40
-1.5277777777777777,-1.5277777777777777,ASTROFLORES,2,SUMMER ROMANCE,002SUMMER ROMANCE,2026,40
0.05890547263681592,0.05890547263681592,ASTROFLORES,2,SWEETNESS,002SWEETNESS,2026,40
0.06568213783403656,0.06568213783403656,ASTROFLORES,3,CABARET,003CABARET,2026,40
0.18748180494905387,0.18748180494905387,ASTROFLORES,3,DEEP PURPLE,003DEEP PURPLE,2026,40
0.18654867256637167,0.18654867256637167,ASTROFLORES,3,EXPLORER,003EXPLORER,2026,40
0.13333333333333333,0.13333333333333333,ASTROFLORES,3,JOCKER,003JOCKER,2026,40
-0.027210884353741496,-0.027210884353741496,ASTROFLORES,3,QUICKSAND,003QUICKSAND,2026,40
-0.35833333333333334,-0.35833333333333334,ASTROFLORES,4,COTOPAXI,004COTOPAXI,2026,40
0.2676222596964587,0.2676222596964587,ASTROFLORES,4,DEEP PURPLE,004DEEP PURPLE,2026,40
0.06969325153374233,0.06969325153374233,ASTROFLORES,4,HOT EXPLORER,004HOT EXPLORER,2026,40
0.3016666666666667,0.3016666666666667,ASTROFLORES,4,HOT MERENGUE,004HOT MERENGUE,2026,40
0.031578947368421054,0.031578947368421054,ASTROFLORES,4,SWEETNESS,004SWEETNESS,2026,40
0.4622222222222222,0.4622222222222222,ASTROFLORES,5,EXPLORER,005EXPLORER,2026,40
0.2648888888888889,0.2648888888888889,ASTROFLORES,5,GOLDFINCH,005GOLDFINCH,2026,40
-0.03463414634146342,-0.03463414634146342,ASTROFLORES,5,JOCKER,005JOCKER,2026,40
-0.3735042735042735,-0.3735042735042735,ASTROFLORES,5,VENDELA,005VENDELA,2026,40
0.43011764705882355,0.43011764705882355,ASTROFLORES,6,ATOMIC,006ATOMIC,2026,40
0.18079470198675496,0.18079470198675496,ASTROFLORES,6,EXPLORER,006EXPLORER,2026,40
0.04831858407079646,0.04831858407079646,ASTROFLORES,6,MONDIAL,006MONDIAL,2026,40
-0.0896604938271605,-0.0896604938271605,ASTROFLORES,7,COTOPAXI,007COTOPAXI,2026,40
0.09294871794871795,0.09294871794871795,ASTROFLORES,7,REDIANT,007REDIANT,2026,40
-2.9,-2.9,ASTROFLORES,7,SUMMER ROMANCE,007SUMMER ROMANCE,2026,40
-0.32966781214203894,-0.32966781214203894,ASTROFLORES,7,VENDELA,007VENDELA,2026,40
0.42233333333333334,0.42233333333333334,ASTROFLORES,8,DEEP PURPLE,008DEEP PURPLE,2026,40
0.09750778816199376,0.09750778816199376,ASTROFLORES,8,FREEDOM,008FREEDOM,2026,40
0.1112568306010929,0.1112568306010929,ASTROFLORES,8,JOCKER,008JOCKER,2026,40
-0.5142222222222222,-0.5142222222222222,ASTROFLORES,10,COOLDOWN,010COOLDOWN,2026,40
-0.072183908045977,-0.072183908045977,ASTROFLORES,10,VIOLET HILL,010VIOLET HILL,2026,40
-0.05454545454545454,-0.05454545454545454,ASTROFLORES,11,BRIGHTON,011BRIGHTON,2026,40
-0.2316860465116279,-0.2316860465116279,ASTROFLORES,11,CANDLELIGHT,011CANDLELIGHT,2026,40
0.4502923976608187,0.4502923976608187,ASTROFLORES,11,CAYENNE,011CAYENNE,2026,40
0.03511904761904762,0.03511904761904762,ASTROFLORES,11,LUMIA,011LUMIA,2026,40
-0.023414634146341463,-0.023414634146341463,ASTROFLORES,11,STARDUST,011STARDUST,2026,40
0.30249520153550863,0.30249520153550863,ASTROFLORES,12,DEEP PURPLE,012DEEP PURPLE,2026,40
0.15987654320987654,0.15987654320987654,ASTROFLORES,12,LIGHT HOUSE,012LIGHT HOUSE,2026,40
-0.034482758620689655,-0.034482758620689655,ASTROFLORES,13,COUNTRY BLUES,013COUNTRY BLUES,2026,40
-0.3321518987341772,-0.3321518987341772,ASTROFLORES,13,LORRAINE,013LORRAINE,2026,40
0.5155038759689923,0.5155038759689923,ASTROFLORES,13,LUMIA,013LUMIA,2026,40
-0.11611940298507463,-0.11611940298507463,ASTROFLORES,13,VENDELA,013VENDELA,2026,40
0.06661354581673307,0.06661354581673307,ASTROFLORES,14,STARDUST,014STARDUST,2026,40
0.16847826086956522,0.16847826086956522,ASTROFLORES,15,JOCKER,015JOCKER,2026,40
0.21666666666666667,0.21666666666666667,ASTROFLORES,16,DREAM IN PEACH,016DREAM IN PEACH,2026,40
0.2623076923076923,0.2623076923076923,ASTROFLORES,16,NINA,016NINA,2026,40
0.2981132075471698,0.2981132075471698,ASTROFLORES,17,FREEDOM,017FREEDOM,2026,40
0.0898876404494382,0.0898876404494382,ASTROFLORES,17,GOLDFINCH,017GOLDFINCH,2026,40
0.1408,0.1408,ASTROFLORES,18,BRIGHTON,018BRIGHTON,2026,40
0.07542857142857143,0.07542857142857143,ASTROFLORES,19,BRIGHTON,019BRIGHTON,2026,40
0.03333333333333333,0.03333333333333333,ASTROFLORES,19,TABATHA,019TABATHA,2026,40
0.006863905325443787,0.006863905325443787,ASTROFLORES,20,BRIGHTON,020BRIGHTON,2026,40
-0.028070175438596492,-0.028070175438596492,ASTROFLORES,20,TYCOON,020TYCOON,2026,40
0.0558974358974359,0.0558974358974359,ASTROFLORES,21,SHOW GIRL,021SHOW GIRL,2026,40
0.09321428571428571,0.09321428571428571,ASTROFLORES,22,CORAL REEF,022CORAL REEF,2026,40
-0.2680241327300151,-0.2680241327300151,ASTROFLORES,23,COTOPAXI,023COTOPAXI,2026,40
0.43746630727762803,0.43746630727762803,ASTROFLORES,23,FRUTTETO,023FRUTTETO,2026,40
-0.11505376344086021,-0.11505376344086021,ASTROFLORES,24,COTOPAXI,024COTOPAXI,2026,40
0.23157894736842105,0.23157894736842105,ASTROFLORES,24,SWEETNESS,024SWEETNESS,2026,40
-0.11058201058201059,-0.11058201058201059,ASTROFLORES,24,TYCOON,024TYCOON,2026,40
-0.02381395348837209,-0.02381395348837209,ASTROFLORES,25,PINK MONDIAL,025PINK MONDIAL,2026,40
-0.20865671641791045,-0.20865671641791045,ASTROFLORES,26,LOLA,026LOLA,2026,40
-0.2668235294117647,-0.2668235294117647,ASTROFLORES,26,PALOMA,026PALOMA,2026,40
-0.10790960451977401,-0.10790960451977401,ASTROFLORES,27,SATISFACTION,027SATISFACTION,2026,40
-0.02178477690288714,-0.02178477690288714,ASTROFLORES,27,TIFFANY,027TIFFANY,2026,40
0.12376237623762376,0.12376237623762376,ASTROFLORES,28,COTOPAXI,028COTOPAXI,2026,40
0.182648401826484,0.182648401826484,ASTROFLORES,28,DEEP PURPLE,028DEEP PURPLE,2026,40
0.3024,0.3024,ASTROFLORES,29,PINK FLOYD,029PINK FLOYD,2026,40
-0.08821917808219178,-0.08821917808219178,ASTROFLORES,30,EXPLORER,030EXPLORER,2026,40
