Bloque&Varid,Media_2025_Sem1_17,Media_2025_Sem22_52,Factor_diferencia,Diferencia_absoluta
001BELIEVE IN PINK,1402.9411764705883,1389.6774193548388,0.990546,-13.263757
001EXPLORER,4267.64705882353,4059.6774193548385,0.951268,-207.969639
001GRACE KELLY,2160.294117647059,1899.032258064516,0.879062,-261.26186
001IDOLE,1655.2941176470588,1098.5483870967741,0.663658,-556.745731
001LIGHT HOUSE,2290.5882352941176,1704.1935483870968,0.743998,-586.394687
001LUMIA,2357.6470588235293,1843.5483870967741,0.781944,-514.098672
001MOMENTUM,3994.1176470588234,3813.7096774193546,0.954832,-180.40797
002SOMERSET,9547.058823529413,8978.064516129032,0.940401,-568.994307
002SUMMER ROMANCE,1072.0588235294117,1440.3225806451612,1.343511,368.263757
002SWEETNESS,7376.470588235294,7435.1612903225805,1.007956,58.690702
003CABARET,6277.058823529412,5570.322580645161,0.88741,-706.736243
003DEEP PURPLE,12871.764705882353,10263.870967741936,0.797394,-2607.893738
003EXPLORER,2388.235294117647,2287.0967741935483,0.957651,-101.13852
003JOCKER,983.8235294117648,822.5806451612904,0.836106,-161.242884
003QUICKSAND,2174.1176470588234,1762.258064516129,0.810562,-411.859583
004BELLINA,1790.2941176470588,1676.1290322580646,0.936231,-114.165085
004COTOPAXI,1184.1176470588234,1187.4193548387098,1.002788,3.301708
004DEEP PURPLE,13690.588235294117,11474.516129032258,0.838132,-2216.072106
004HOT EXPLORER,3484.705882352941,3125.3225806451615,0.896868,-359.383302
004HOT MERENGUE,3185.294117647059,2504.516129032258,0.786275,-680.777989
004SWEETNESS,723.5294117647059,620.3225806451613,0.857356,-103.206831
005ELBA,7148.823529411765,7554.193548387097,1.056704,405.370019
005EXPLORER,2035.2941176470588,1462.9032258064517,0.718767,-572.390892
005GOLDFINCH,1526.4705882352941,1103.0645161290322,0.722624,-423.406072
005HOT BUBBLES,1325.8823529411766,1280.0,0.965395,-45.882353
005JOCKER,2322.0588235294117,2096.7741935483873,0.902981,-225.28463
005SUSPIRO,3070.5882352941176,3722.9032258064517,1.21244,652.314991
005VACIO,0.0,,,
005VENDELA,2092.9411764705883,1817.4193548387098,0.868357,-275.521822
006ATOMIC,1744.1176470588234,1374.1935483870968,0.787902,-369.924099
006EXPLORER,6845.588235294118,6052.419354838709,0.884134,-793.16888
006MONDIAL,7663.235294117647,6241.129032258064,0.814425,-1422.106262
006VACIO,0.0,,,
007COTOPAXI,6488.823529411765,6779.032258064516,1.044724,290.208729
007REDIANT,1258.8235294117646,1375.8064516129032,1.09293,116.982922
007SNOW BUBBLES,1194.1176470588234,1009.0322580645161,0.845002,-185.085389
007SUMMER ROMANCE,0.0,229.83870967741936,,229.83871
007TOPACIO,0.0,0.0,,0.0
007VENDELA,9575.29411764706,10891.935483870968,1.137504,1316.641366
008DEEP PURPLE,6845.294117647059,4472.903225806452,0.653427,-2372.390892
008FREE SPIRIT,2405.8823529411766,,,
008FREEDOM,4785.882352941177,3860.3225806451615,0.806606,-925.559772
008JOCKER,5719.117647058823,4499.193548387097,0.786694,-1219.924099
008LUMIA,,312.0,,
008SUMMER ROMANCE,,0.0,,
008VACIO,,0.0,,
009HOT BUBBLES,10801.176470588236,10196.774193548386,0.944043,-604.402277
010COOLDOWN,1614.1176470588234,2254.3548387096776,1.396648,640.237192
010VIOLET HILL,3457.3529411764707,3719.516129032258,1.075828,262.163188
011BRIGHTON,2975.0,2945.967741935484,0.990241,-29.032258
011CANDLELIGHT,5087.058823529412,4647.096774193548,0.913513,-439.962049
011CAYENNE,1665.8823529411766,1328.7096774193549,0.797601,-337.172676
011LUMIA,2032.9411764705883,1731.2903225806451,0.851619,-301.650854
011STARDUST,3825.0,3390.3225806451615,0.886359,-434.677419
012DEEP PURPLE,18259.41176470588,14100.967741935483,0.772258,-4158.444023
012LIGHT HOUSE,1844.1176470588234,1451.6129032258063,0.787159,-392.504744
013COUNTRY BLUES,1375.2941176470588,1394.1935483870968,1.013742,18.899431
013LORRAINE,3751.470588235294,3383.064516129032,0.901797,-368.406072
013LUMIA,820.0,598.3870967741935,0.72974,-221.612903
013VENDELA,9398.823529411764,9592.258064516129,1.020581,193.434535
014FRUITY BUBBLES,3200.0,3566.1290322580644,1.114415,366.129032
014STARDUST,6555.882352941177,5529.032258064516,0.84337,-1026.850095
015FELLINI,5469.411764705882,5350.322580645161,0.978226,-119.089184
015JOCKER,4361.764705882353,3797.5806451612902,0.870652,-564.184061
016DREAM IN PEACH,1662.3529411764705,1243.5483870967741,0.748065,-418.804554
016GOOD PEACH,3208.235294117647,3398.7096774193546,1.05937,190.474383
016GOOD YELLOW,3111.176470588235,3120.967741935484,1.003147,9.791271
016NINA,3133.823529411765,2493.548387096774,0.795689,-640.275142
017FREEDOM,6690.0,5115.4838709677415,0.764646,-1574.516129
017GOLDFINCH,3684.705882352941,2720.1612903225805,0.73823,-964.544592
017ORANGE STAR,1817.6470588235295,1545.1612903225807,0.850089,-272.485769
018BRIGHTON,2101.470588235294,1980.6451612903227,0.942504,-120.825427
018COSMO,3189.705882352941,3904.032258064516,1.223947,714.326376
018RUBICON,4222.941176470588,4191.290322580645,0.992505,-31.650854
019BELLINA,2007.3529411764705,1542.5806451612902,0.768465,-464.772296
019BRIGHTON,7485.294117647059,6499.193548387097,0.868262,-986.100569
019TABATHA,3000.0,2463.8709677419356,0.82129,-536.129032
020BRIGHTON,5313.235294117647,4762.903225806452,0.896422,-550.332068
020SUMMER DANCE,3200.0,3116.935483870968,0.974042,-83.064516
020TYCOON,1090.5882352941176,1217.4193548387098,1.116296,126.83112
021ELEGANT ROSEVER,672.3529411764706,724.8387096774194,1.078063,52.485769
021FLAME CLUB,1713.235294117647,1888.7096774193549,1.102423,175.474383
021KELLY,747.0588235294117,654.8387096774194,0.876556,-92.220114
021LEILA,3811.764705882353,3536.2903225806454,0.92773,-275.474383
021PISTACHIO KISS,,0.0,,
021SHOW GIRL,1805.8823529411766,1742.4193548387098,0.964858,-63.462998
021SNOW BUBBLES,2782.3529411764707,2673.548387096774,0.960895,-108.804554
022CORAL REEF,2876.470588235294,2166.1290322580644,0.753051,-710.341556
022FRUITY BUBBLES,5426.470588235294,5388.709677419355,0.993041,-37.760911
022GOOD PEACH,2650.5882352941176,2467.7419354838707,0.931017,-182.8463
022MIRABEL,1967.0588235294117,1780.6451612903227,0.905232,-186.413662
023COTOPAXI,6058.235294117647,6578.709677419355,1.085912,520.474383
023FRUTTETO,6980.882352941177,5173.064516129032,0.741033,-1807.817837
024COTOPAXI,3571.764705882353,3391.935483870968,0.949653,-179.829222
024SWEETNESS,2520.0,2143.548387096774,0.850614,-376.451613
024TYCOON,4980.0,3960.0,0.795181,-1020.0
025PINK MONDIAL,5826.470588235294,4881.451612903225,0.837806,-945.018975
026LOLA,4990.588235294118,3943.064516129032,0.7901,-1047.523719
026PALOMA,5868.235294117647,5026.935483870968,0.856635,-841.29981
026PURPLE BUBBLY,1148.8235294117646,582.5806451612904,0.507111,-566.242884
027SATISFACTION,5622.35294117647,4028.7096774193546,0.716552,-1593.643264
027TIFFANY,5569.411764705882,4047.0967741935483,0.726665,-1522.314991
028COTOPAXI,5479.411764705882,5038.064516129032,0.919454,-441.347249
028DEEP PURPLE,8761.764705882353,6534.193548387097,0.745762,-2227.571157
029PINK FLOYD,4920.588235294118,3864.516129032258,0.785377,-1056.072106
030EXPLORER,3189.705882352941,2450.8064516129034,0.768349,-738.899431
030MIRABEL,4788.235294117647,4521.290322580645,0.94425,-266.944972
030SOMERSET,3937.6470588235293,2821.935483870968,0.716655,-1115.711575
03182989,1830.5882352941176,1648.3870967741937,0.900469,-182.201139
031RUBICON,2486.470588235294,2304.1935483870966,0.926692,-182.27704
031SOMERSET,2681.176470588235,1802.5806451612902,0.67231,-878.595825
031VELVET BLOSSOMS,308.2352941176471,460.64516129032256,1.494459,152.409867
032ELBA,3005.294117647059,3219.6774193548385,1.071335,214.383302
032MIRABEL,2918.823529411765,2269.6774193548385,0.7776,-649.14611
033CREAMY FOLIES,1094.1176470588234,1212.5806451612902,1.108273,118.462998
033HOT BUBBLES,4511.764705882353,4269.032258064516,0.9462,-242.732448
