Bloque&Varid,Media_2025_Sem1_17,Media_2025_Sem22_52,Delta,Cambio_pct,Grupo_tendencia
021FLAME CLUB,1713.235294117647,1888.7096774193549,175.4743833017078,10.24228160044303,Aumenta >10%
033CREAMY FOLIES,1094.1176470588234,1212.5806451612902,118.46299810246683,10.827263267429766,Aumenta >10%
014FRUITY BUBBLES,3200.0,3566.1290322580644,366.1290322580644,11.441532258064512,Aumenta >10%
020TYCOON,1090.5882352941176,1217.4193548387098,126.83111954459218,11.629606430733912,Aumenta >10%
007VENDELA,9575.29411764706,10891.935483870968,1316.6413662239083,13.750401293651823,Aumenta >10%
005SUSPIRO,3070.5882352941176,3722.9032258064517,652.3149905123341,21.243974786800155,Aumenta >10%
018COSMO,3189.705882352941,3904.032258064516,714.3263757115751,22.39474114725086,Aumenta >10%
002SUMMER ROMANCE,1072.0588235294117,1440.3225806451612,368.2637571157495,34.35107748130448,Aumenta >10%
010COOLDOWN,1614.1176470588234,2254.3548387096776,640.2371916508541,39.66484059061414,Aumenta >10%
031VELVET BLOSSOMS,308.2352941176471,460.64516129032256,152.4098671726755,49.445949273577924,Aumenta >10%
026PURPLE BUBBLY,1148.8235294117646,582.5806451612904,-566.2428842504743,-49.28893513701006,Disminuye >10%
008DEEP PURPLE,6845.294117647059,4472.903225806452,-2372.390891840607,-34.6572528669677,Disminuye >10%
001IDOLE,1655.2941176470588,1098.5483870967741,-556.7457305502846,-33.63424811426737,Disminuye >10%
031SOMERSET,2681.176470588235,1802.5806451612902,-878.5958254269449,-32.769041316933006,Disminuye >10%
027SATISFACTION,5622.35294117647,4028.7096774193546,-1593.6432637571156,-28.344774517546522,Disminuye >10%
030SOMERSET,3937.6470588235293,2821.935483870968,-1115.7115749525615,-28.33447381863392,Disminuye >10%
005EXPLORER,2035.2941176470588,1462.9032258064517,-572.3908918406071,-28.123251911243702,Disminuye >10%
005GOLDFINCH,1526.4705882352941,1103.0645161290322,-423.40607210626195,-27.737584685188644,Disminuye >10%
027TIFFANY,5569.411764705882,4047.0967741935483,-1522.3149905123337,-27.333496872316935,Disminuye >10%
013LUMIA,820.0,598.3870967741935,-221.61290322580646,-27.02596380802518,Disminuye >10%
017GOLDFINCH,3684.705882352941,2720.1612903225805,-964.5445920303605,-26.176976475919744,Disminuye >10%
023FRUTTETO,6980.882352941177,5173.064516129032,-1807.8178368121444,-25.896695366173546,Disminuye >10%
001LIGHT HOUSE,2290.5882352941176,1704.1935483870968,-586.3946869070207,-25.600178935334757,Disminuye >10%
028DEEP PURPLE,8761.764705882353,6534.193548387097,-2227.5711574952566,-25.423772861644416,Disminuye >10%
016DREAM IN PEACH,1662.3529411764705,1243.5483870967741,-418.80455407969635,-25.19347989863708,Disminuye >10%
022CORAL REEF,2876.470588235294,2166.1290322580644,-710.3415559772297,-24.694900719044796,Disminuye >10%
017FREEDOM,6690.0,5115.4838709677415,-1574.5161290322585,-23.535368146969486,Disminuye >10%
030EXPLORER,3189.705882352941,2450.8064516129034,-738.8994307400376,-23.16512738143041,Disminuye >10%
019BELLINA,2007.3529411764705,1542.5806451612902,-464.77229601518025,-23.153491669620703,Disminuye >10%
012DEEP PURPLE,18259.41176470588,14100.967741935483,-4158.444022770398,-22.774249665634734,Disminuye >10%
032MIRABEL,2918.823529411765,2269.6774193548385,-649.1461100569263,-22.239991678693567,Disminuye >10%
001LUMIA,2357.6470588235293,1843.5483870967741,-514.0986717267551,-21.805582383619853,Disminuye >10%
029PINK FLOYD,4920.588235294118,3864.516129032258,-1056.07210626186,-21.462314173881193,Disminuye >10%
004HOT MERENGUE,3185.294117647059,2504.516129032258,-680.777988614801,-21.372531498525607,Disminuye >10%
008JOCKER,5719.117647058823,4499.193548387097,-1219.9240986717268,-21.33063479292297,Disminuye >10%
012LIGHT HOUSE,1844.1176470588234,1451.6129032258063,-392.5047438330171,-21.284148788393274,Disminuye >10%
006ATOMIC,1744.1176470588234,1374.1935483870968,-369.9240986717266,-21.209813414567797,Disminuye >10%
026LOLA,4990.588235294118,3943.064516129032,-1047.5237191650858,-20.989984943194788,Disminuye >10%
024TYCOON,4980.0,3960.0,-1020.0,-20.481927710843372,Disminuye >10%
016NINA,3133.823529411765,2493.548387096774,-640.2751423149907,-20.431116695175678,Disminuye >10%
003DEEP PURPLE,12871.764705882353,10263.870967741936,-2607.8937381404176,-20.26057652334663,Disminuye >10%
011CAYENNE,1665.8823529411766,1328.7096774193549,-337.1726755218217,-20.2398851831602,Disminuye >10%
008FREEDOM,4785.882352941177,3860.3225806451615,-925.5597722960151,-19.339375773146823,Disminuye >10%
003QUICKSAND,2174.1176470588234,1762.258064516129,-411.8595825426944,-18.943757855048172,Disminuye >10%
006MONDIAL,7663.235294117647,6241.129032258064,-1422.1062618595824,-18.557517905671006,Disminuye >10%
019TABATHA,3000.0,2463.8709677419356,-536.1290322580644,-17.87096774193548,Disminuye >10%
003JOCKER,983.8235294117648,822.5806451612904,-161.2428842504744,-16.38941125415883,Disminuye >10%
025PINK MONDIAL,5826.470588235294,4881.451612903225,-945.0189753320683,-16.219406946638227,Disminuye >10%
004DEEP PURPLE,13690.588235294117,11474.516129032258,-2216.0721062618595,-16.18682899649893,Disminuye >10%
014STARDUST,6555.882352941177,5529.032258064516,-1026.8500948766605,-15.663034197311108,Disminuye >10%
007SNOW BUBBLES,1194.1176470588234,1009.0322580645161,-185.08538899430732,-15.499761639917365,Disminuye >10%
017ORANGE STAR,1817.6470588235295,1545.1612903225807,-272.4857685009488,-14.991126422382294,Disminuye >10%
024SWEETNESS,2520.0,2143.548387096774,-376.45161290322585,-14.938556067588326,Disminuye >10%
011LUMIA,2032.9411764705883,1731.2903225806451,-301.65085388994316,-14.838149641577065,Disminuye >10%
026PALOMA,5868.235294117647,5026.935483870968,-841.299810246679,-14.336504384716864,Disminuye >10%
004SWEETNESS,723.5294117647059,620.3225806451613,-103.20683111954452,-14.264358772619975,Disminuye >10%
019BRIGHTON,7485.294117647059,6499.193548387097,-986.100569259962,-13.173838646302046,Disminuye >10%
005VENDELA,2092.9411764705883,1817.4193548387098,-275.52182163187854,-13.164336615351138,Disminuye >10%
015JOCKER,4361.764705882353,3797.5806451612902,-564.1840607210629,-12.934766058338596,Disminuye >10%
021KELLY,747.0588235294117,654.8387096774194,-92.22011385199232,-12.344424688849367,Disminuye >10%
001GRACE KELLY,2160.294117647059,1899.032258064516,-261.2618595825429,-12.093809701574482,Disminuye >10%
006EXPLORER,6845.588235294118,6052.419354838709,-793.1688804554087,-11.586570111915744,Disminuye >10%
011STARDUST,3825.0,3390.3225806451615,-434.67741935483855,-11.364115538688589,Disminuye >10%
003CABARET,6277.058823529412,5570.322580645161,-706.7362428842507,-11.259034888044479,Disminuye >10%
020BRIGHTON,5313.235294117647,4762.903225806452,-550.3320683111951,-10.357758274331932,Disminuye >10%
004HOT EXPLORER,3484.705882352941,3125.3225806451615,-359.38330170777954,-10.313160244821493,Disminuye >10%
03182989,1830.5882352941176,1648.3870967741937,-182.20113851992392,-9.953147027116668,Estable +/-10%
013LORRAINE,3751.470588235294,3383.064516129032,-368.40607210626195,-9.820310820551082,Estable +/-10%
005JOCKER,2322.0588235294117,2096.7741935483873,-225.2846299810244,-9.701934666693896,Estable +/-10%
022MIRABEL,1967.0588235294117,1780.6451612903227,-186.41366223908904,-9.476771106652254,Estable +/-10%
011CANDLELIGHT,5087.058823529412,4647.096774193548,-439.9620493358634,-8.648652681209155,Estable +/-10%
028COTOPAXI,5479.411764705882,5038.064516129032,-441.3472485768498,-8.054646511869509,Estable +/-10%
031RUBICON,2486.470588235294,2304.1935483870966,-182.27703984819755,-7.330753909201226,Estable +/-10%
021LEILA,3811.764705882353,3536.2903225806454,-275.4743833017078,-7.226951413779371,Estable +/-10%
022GOOD PEACH,2650.5882352941176,2467.7419354838707,-182.84629981024682,-6.898329109574336,Estable +/-10%
004BELLINA,1790.2941176470588,1676.1290322580646,-114.16508538899416,-6.37688993465714,Estable +/-10%
002SOMERSET,9547.058823529413,8978.064516129032,-568.9943074003804,-5.9598910818277675,Estable +/-10%
018BRIGHTON,2101.470588235294,1980.6451612903227,-120.82542694497147,-5.749565452944759,Estable +/-10%
009HOT BUBBLES,10801.176470588236,10196.774193548386,-604.4022770398497,-5.595707825769221,Estable +/-10%
030MIRABEL,4788.235294117647,4521.290322580645,-266.94497153700195,-5.5750178330823505,Estable +/-10%
033HOT BUBBLES,4511.764705882353,4269.032258064516,-242.73244781783706,-5.379989065062881,Estable +/-10%
024COTOPAXI,3571.764705882353,3391.935483870968,-179.82922201138535,-5.03474435802627,Estable +/-10%
001EXPLORER,4267.64705882353,4059.6774193548385,-207.96963946869118,-4.873168671216747,Estable +/-10%
001MOMENTUM,3994.1176470588234,3813.7096774193546,-180.40796963946877,-4.516841655185521,Estable +/-10%
003EXPLORER,2388.235294117647,2287.0967741935483,-101.13851992409855,-4.234864134752895,Estable +/-10%
021SNOW BUBBLES,2782.3529411764707,2673.548387096774,-108.80455407969657,-3.91052308531679,Estable +/-10%
021SHOW GIRL,1805.8823529411766,1742.4193548387098,-63.46299810246683,-3.5142376799411594,Estable +/-10%
005HOT BUBBLES,1325.8823529411766,1280.0,-45.88235294117658,-3.4605146406388716,Estable +/-10%
020SUMMER DANCE,3200.0,3116.935483870968,-83.0645161290322,-2.5957661290322562,Estable +/-10%
015FELLINI,5469.411764705882,5350.322580645161,-119.08918406072098,-2.177367314510924,Estable +/-10%
011BRIGHTON,2975.0,2945.967741935484,-29.0322580645161,-0.9758742206560034,Estable +/-10%
001BELIEVE IN PINK,1402.9411764705883,1389.6774193548388,-13.263757115749513,-0.9454250355041582,Estable +/-10%
018RUBICON,4222.941176470588,4191.290322580645,-31.65085388994339,-0.7494978633918897,Estable +/-10%
022FRUITY BUBBLES,5426.470588235294,5388.709677419355,-37.76091081593859,-0.695865023166348,Estable +/-10%
004COTOPAXI,1184.1176470588234,1187.4193548387098,3.3017077798863284,0.2788327484255717,Estable +/-10%
016GOOD YELLOW,3111.176470588235,3120.967741935484,9.791271347248767,0.3147128245476064,Estable +/-10%
002SWEETNESS,7376.470588235294,7435.1612903225805,58.69070208728681,0.795647476462421,Estable +/-10%
013COUNTRY BLUES,1375.2941176470588,1394.1935483870968,18.899430740038042,1.3742101051353581,Estable +/-10%
013VENDELA,9398.823529411764,9592.258064516129,193.43453510436484,2.058071784187134,Estable +/-10%
007COTOPAXI,6488.823529411765,6779.032258064516,290.20872865275123,4.472439839630832,Estable +/-10%
005ELBA,7148.823529411765,7554.193548387097,405.37001897533173,5.670443777322998,Estable +/-10%
016GOOD PEACH,3208.235294117647,3398.7096774193546,190.4743833017078,5.93704531743497,Estable +/-10%
032ELBA,3005.294117647059,3219.6774193548385,214.38330170777954,7.133521489591412,Estable +/-10%
010VIOLET HILL,3457.3529411764707,3719.516129032258,262.1631878557873,7.582771915862841,Estable +/-10%
021ELEGANT ROSEVER,672.3529411764706,724.8387096774194,52.48576850094878,7.806282279231226,Estable +/-10%
023COTOPAXI,6058.235294117647,6578.709677419355,520.4743833017083,8.591187995076261,Estable +/-10%
007REDIANT,1258.8235294117646,1375.8064516129032,116.98292220113854,9.293035875791379,Estable +/-10%
005VACIO,0.0,,,,Estable +/-10%
006VACIO,0.0,,,,Estable +/-10%
007SUMMER ROMANCE,0.0,229.83870967741936,229.83870967741936,,Estable +/-10%
007TOPACIO,0.0,0.0,0.0,,Estable +/-10%
008FREE SPIRIT,2405.8823529411766,,,,Estable +/-10%
008LUMIA,,312.0,,,Estable +/-10%
008SUMMER ROMANCE,,0.0,,,Estable +/-10%
008VACIO,,0.0,,,Estable +/-10%
021PISTACHIO KISS,,0.0,,,Estable +/-10%
